Metric,Value
CV_Accuracy,0.8703007518796992
CV_Accuracy_Std,0.012793605682446613
CV_F1,0.8840630684589896
CV_F1_Std,0.011361846862941248
CV_ROC_AUC,0.923743120587502
Test_Accuracy,0.9022556390977443
Test_F1,0.912751677852349
Test_ROC_AUC,0.9364155251141553
Test_Precision,0.8947368421052632
Test_Recall,0.9315068493150684
N_Features,48
N_Training,663
N_Indeterminate,2184
Predicted_Poor,771
Predicted_Intermediate,1413
Model_Type,SVM
