Metric,Value
CV_Accuracy,0.90954659375712
CV_Accuracy_Std,0.023150283498334614
CV_F1,0.9159123691923229
CV_F1_Std,0.02196234309606925
CV_ROC_AUC,0.9661806146755065
Test_Accuracy,0.9022556390977443
Test_F1,0.9115646258503401
Test_ROC_AUC,0.972716894977169
Test_Precision,0.9054054054054054
Test_Recall,0.9178082191780822
N_Features,48
N_Training,663
N_Indeterminate,2184
Predicted_Poor,1017
Predicted_Intermediate,1167
Model_Type,XGBoost
