Region,N_Alleles,Impact_Score,Total_Occurrences
Non-SRS,31,0.45161290322580644,1875
SRS1,7,0.38571428571428573,384
SRS2,4,0.3,267
SRS4,2,0.5,115
SRS5,4,0.8,230
SRS6,6,0.6333333333333333,382
Unknown,20,0.38,1076
