Metric,Value
CV_Accuracy,0.8763727500569607
CV_Accuracy_Std,0.019671602773196177
CV_F1,0.8883847052821536
CV_ROC_AUC,0.9531768374480819
Test_Accuracy,0.8646616541353384
Test_F1,0.8783783783783784
Test_ROC_AUC,0.9608447488584474
N_Features,48.0
N_Training,663.0
N_Indeterminate,2184.0
Predicted_Poor,1051.0
Predicted_Intermediate,1133.0
