Model,CV_Accuracy,High_Conf_Count,High_Conf_Rate,High_Conf_Accuracy,Inter_High_Conf,Poor_High_Conf
XGBoost,89.44193061840122,273,41.17647058823529,97.8021978021978,91,182
Random Forest,79.18552036199095,118,17.79788838612368,99.15254237288136,2,116
SVM,70.73906485671192,25,3.770739064856712,96.0,1,24
